{
    "scene" : {
        "cameraKeyframes" : [
            {"far": 40, "fov": 50, "frame": 800, "near": 0.10000000149011612, "position": [-2.2610206604003906, 8.7320785522460938, 1.1825590133666992], "target": [-1.4923038482666016, -4.2223224639892578, 0.24697166681289673], "up": [0.0020871665328741074, 0.072156667709350586, -0.99739110469818115]},
            {"far": 40, "fov": 50, "frame": 1200, "near": 0.10000000149011612, "position": [-2.3624327182769775, 10.44109058380127, 1.3060047626495361], "target": [-1.4923038482666016, -4.2223224639892578, 0.24697166681289673], "up": [0.0020871665328741074, 0.072156667709350586, -0.99739110469818115]}
        ]
    }
}
