{
    "scene" : {
        "cameraKeyframes" : [
            {"far": 40, "fov": 50, "frame": 0, "near": 0.10000000149011612, "position": [5.4279255867004395, 9.9254770278930664, 12.239651679992676], "target": [0, 0, 0], "up": [-0.21766284108161926, 0.80307161808013916, -0.5547061562538147]},
            {"far": 40, "fov": 50, "frame": 2000, "near": 0.10000000149011612, "position": [-11.418025016784668, 3.900747537612915, 11.497868537902832], "target": [0, 0, 0], "up": [0.14595417678356171, 0.97188186645507812, -0.18477839231491089]}
        ]
    }
}
