{
    "scene" : {
        "cameraKeyframes" : [
            {"far": 40, "fov": 50, "frame": 0, "near": 0.10000000149011612, "position": [3.5104689598083496, 5.8120713233947754, 9.4082069396972656], "target": [3.576019287109375, 0.060894325375556946, -0.012292542494833469], "up": [-0.00089241715613752604, 0.85351252555847168, -0.52107155323028564]},
            {"far": 40, "fov": 50, "frame": 400, "near": 0.10000000149011612, "position": [-4.1402206420898438, 6.2919559478759766, 4.956151008605957], "target": [2.835648775100708, -0.0053573418408632278, -0.83245182037353516], "up": [0.49305686354637146, 0.81814515590667725, -0.29586046934127808]}
        ]
    }
}
