{
    "scene" : {
        "cameraKeyframes" : [
            {"far": 40, "fov": 50, "frame": 400, "near": 0.10000000149011612, "position": [-5.496828556060791, 2.9378132820129395, -1.8692553043365479], "target": [2.7412312030792236, 0.38035273551940918, -0.24166001379489899], "up": [0.28998836874961853, 0.95638996362686157, 0.034999489784240723]},
            {"far": 40, "fov": 50, "frame": 800, "near": 0.10000000149011612, "position": [-8.053339958190918, 4.6753940582275391, -2.7902660369873047], "target": [-0.96426987648010254, -4.1700892448425293, -0.05786537379026413], "up": [0.75484025478363037, 0.64376389980316162, 0.12563574314117432]}
        ]
    }
}
